code,name,level,parent_code
01,农业,大类,A
011,谷物种植,中类,01
0111,稻谷种植,小类,011
0112,小麦种植,小类,011
0113,玉米种植,小类,011
0119,其他谷物种植,小类,011
012,豆类、油料和薯类种植,中类,01
0121,豆类种植,小类,012
0122,油料种植,小类,012
0123,薯类种植,小类,012
013,棉、麻、糖、烟草种植,中类,01
0131,棉花种植,小类,013
0132,麻类种植,小类,013
0133,糖料种植,小类,013
0134,烟草种植,小类,013
014,蔬菜、食用菌及园艺作物种植,中类,01
0141,蔬菜种植,小类,014
0142,食用菌种植,小类,014
0143,花卉种植,小类,014
0149,其他园艺作物种植,小类,014
015,水果种植,中类,01
0151,仁果类和核果类水果种植,小类,015
0152,葡萄种植,小类,015
0153,柑橘类种植,小类,015
0154,香蕉等亚热带水果种植,小类,015
0159,其他水果种植,小类,015
016,坚果、含油果、香料和饮料作物种植,中类,01
0161,坚果种植,小类,016
0162,含油果种植,小类,016
0163,香料作物种植,小类,016
0164,茶叶种植,小类,016
0169,其他饮料作物种植,小类,016
017,中药材种植,中类,01
0171,中草药种植,小类,017
0179,其他中药材种植,小类,017
018,草种植及割草,中类,01
0181,草种植,小类,018
0182,天然草原割草,小类,018
019,其他农业,中类,01
0190,其他农业,小类,019
02,林业,大类,A
021,林木育种和育苗,中类,02
0211,林木育种,小类,021
0212,林木育苗,小类,021
022,造林和更新,中类,02
0220,造林和更新,小类,022
023,森林经营、管护和改培,中类,02
0231,森林经营和管护,小类,023
0232,森林改培,小类,023
024,木材和竹材采运,中类,02
0241,木材采运,小类,024
0242,竹材采运,小类,024
025,林产品采集,中类,02
0251,木竹材林产品采集,小类,025
0252,非木竹材林产品采集,小类,025
03,畜牧业,大类,A
031,牲畜饲养,中类,03
0311,牛的饲养,小类,031
0312,马的饲养,小类,031
0313,猪的饲养,小类,031
0314,羊的饲养,小类,031
0315,骆驼饲养,小类,031
0319,其他牲畜饲养,小类,031
032,家禽饲养,中类,03
0321,鸡的饲养,小类,032
0322,鸭的饲养,小类,032
0323,鹅的饲养,小类,032
0329,其他家禽饲养,小类,032
033,狩猎和捕捉动物,中类,03
0330,狩猎和捕捉动物,小类,033
039,其他畜牧业,中类,03
0391,兔的饲养,小类,039
0392,蜜蜂饲养,小类,039
0399,其他未列明畜牧业,小类,039
04,渔业,大类,A
041,水产养殖,中类,04
0411,海水养殖,小类,041
0412,内陆养殖,小类,041
042,水产捕捞,中类,04
0421,海水捕捞,小类,042
0422,内陆捕捞,小类,042
05,农、林、牧、渔专业及辅助性活动,大类,A
051,农业专业及辅助性活动,中类,05
0511,种子种苗培育活动,小类,051
0512,农业机械活动,小类,051
0513,灌溉活动,小类,051
0514,农产品初加工活动,小类,051
0515,农作物病虫害防治活动,小类,051
0519,其他农业专业及辅助性活动,小类,051
052,林业专业及辅助性活动,中类,05
0521,林业有害生物防治活动,小类,052
0522,森林防火活动,小类,052
0523,林产品初级加工活动,小类,052
0529,其他林业专业及辅助性活动,小类,052
053,畜牧专业及辅助性活动,中类,05
0531,畜牧良种繁殖活动,小类,053
0532,畜禽粪污处理活动,小类,053
0539,其他畜牧专业及辅助性活动,小类,053
054,渔业专业及辅助性活动,中类,05
0541,鱼苗及鱼种场活动,小类,054
0549,其他渔业专业及辅助性活动,小类,054
06,煤炭开采和洗选业,大类,B
061,烟煤和无烟煤开采洗选,中类,06
0610,烟煤和无烟煤开采洗选,小类,061
062,褐煤开采洗选,中类,06
0620,褐煤开采洗选,小类,062
069,其他煤炭采选,中类,06
0690,其他煤炭采选,小类,069
07,石油和天然气开采业,大类,B
071,石油开采,中类,07
0711,陆地石油开采,小类,071
0712,海洋石油开采,小类,071
072,天然气开采,中类,07
0721,陆地天然气开采,小类,072
0722,海洋天然气及可燃冰开采,小类,072
08,黑色金属矿采选业,大类,B
081,铁矿采选,中类,08
0810,铁矿采选,小类,081
082,锰矿、铬矿采选,中类,08
0820,锰矿、铬矿采选,小类,082
089,其他黑色金属矿采选,中类,08
0890,其他黑色金属矿采选,小类,089
09,有色金属矿采选业,大类,B
091,常用有色金属矿采选,中类,09
0911,铜矿采选,小类,091
0912,铅锌矿采选,小类,091
0913,镍钴矿采选,小类,091
0914,锡矿采选,小类,091
0915,锑矿采选,小类,091
0916,铝矿采选,小类,091
0917,镁矿采选,小类,091
0919,其他常用有色金属矿采选,小类,091
092,贵金属矿采选,中类,09
0921,金矿采选,小类,092
0922,银矿采选,小类,092
0929,其他贵金属矿采选,小类,092
093,稀有稀土金属矿采选,中类,09
0931,钨钼矿采选,小类,093
0932,稀土金属矿采选,小类,093
0933,放射性金属矿采选,小类,093
0939,其他稀有金属矿采选,小类,093
10,非金属矿采选业,大类,B
101,土砂石开采,中类,10
1011,石灰石、石膏开采,小类,101
1012,建筑装饰用石开采,小类,101
1013,耐火土石开采,小类,101
1019,粘土及其他土砂石开采,小类,101
102,化学矿开采,中类,10
1020,化学矿开采,小类,102
103,采盐,中类,10
1030,采盐,小类,103
109,石棉及其他非金属矿采选,中类,10
1091,石棉、云母矿采选,小类,109
1092,石墨、滑石采选,小类,109
1093,宝石、玉石采选,小类,109
1099,其他未列明非金属矿采选,小类,109
11,开采专业及辅助性活动,大类,B
111,煤炭开采和洗选专业及辅助性活动,中类,11
1110,煤炭开采和洗选专业及辅助性活动,小类,111
112,石油和天然气开采专业及辅助性活动,中类,11
1120,石油和天然气开采专业及辅助性活动,小类,112
119,其他开采专业及辅助性活动,中类,11
1190,其他开采专业及辅助性活动,小类,119
12,其他采矿业,大类,B
120,其他采矿业,中类,12
1200,其他采矿业,小类,120
13,农副食品加工业,大类,C
131,谷物磨制,中类,13
1311,稻谷加工,小类,131
1312,小麦加工,小类,131
1313,玉米加工,小类,131
1314,杂粮加工,小类,131
1319,其他谷物磨制,小类,131
132,饲料加工,中类,13
1321,宠物饲料加工,小类,132
1329,其他饲料加工,小类,132
133,植物油加工,中类,13
1331,食用植物油加工,小类,133
1332,非食用植物油加工,小类,133
134,制糖业,中类,13
1340,制糖业,小类,134
135,屠宰及肉类加工,中类,13
1351,牲畜屠宰,小类,135
1352,禽类屠宰,小类,135
1353,肉制品及副产品加工,小类,135
136,水产品加工,中类,13
1361,水产品冷冻加工,小类,136
1362,鱼糜制品及水产品干腌制加工,小类,136
1363,鱼油提取及制品制造,小类,136
1369,其他水产品加工,小类,136
137,蔬菜、菌类、水果和坚果加工,中类,13
1371,蔬菜加工,小类,137
1372,食用菌加工,小类,137
1373,水果和坚果加工,小类,137
139,其他农副食品加工,中类,13
1391,淀粉及淀粉制品制造,小类,139
1392,豆制品制造,小类,139
1393,蛋品加工,小类,139
1399,其他未列明农副食品加工,小类,139
14,食品制造业,大类,C
141,焙烤食品制造,中类,14
1411,糕点、面包制造,小类,141
1419,饼干及其他焙烤食品制造,小类,141
142,糖果、巧克力及蜜饯制造,中类,14
1421,糖果、巧克力制造,小类,142
1422,蜜饯制作,小类,142
143,方便食品制造,中类,14
1431,米、面制品制造,小类,143
1432,速冻食品制造,小类,143
1433,方便面制造,小类,143
1439,其他方便食品制造,小类,143
144,乳制品制造,中类,14
1441,液体乳制造,小类,144
1442,乳粉制造,小类,144
1449,其他乳制品制造,小类,144
145,罐头食品制造,中类,14
1451,肉、禽类罐头制造,小类,145
1452,水产品罐头制造,小类,145
1453,蔬菜、水果罐头制造,小类,145
1459,其他罐头食品制造,小类,145
146,调味品、发酵制品制造,中类,14
1461,味精制造,小类,146
1462,酱油、食醋及类似制品制造,小类,146
1469,其他调味品、发酵制品制造,小类,146
149,其他食品制造,中类,14
1491,营养食品制造,小类,149
1492,保健食品制造,小类,149
1493,冷冻饮品及食用冰制造,小类,149
1494,盐加工,小类,149
1495,食品及饲料添加剂制造,小类,149
1499,其他未列明食品制造,小类,149
15,酒、饮料和精制茶制造业,大类,C
151,酒的制造,中类,15
1511,酒精制造,小类,151
1512,白酒制造,小类,151
1513,啤酒制造,小类,151
1514,黄酒制造,小类,151
1515,葡萄酒制造,小类,151
1519,其他酒制造,小类,151
152,饮料制造,中类,15
1521,碳酸饮料制造,小类,152
1522,瓶（罐）装饮用水制造,小类,152
1523,果菜汁及果菜汁饮料制造,小类,152
1524,含乳饮料和植物蛋白饮料制造,小类,152
1525,固体饮料制造,小类,152
1529,茶饮料及其他饮料制造,小类,152
153,精制茶加工,中类,15
1530,精制茶加工,小类,153
16,烟草制品业,大类,C
161,烟叶复烤,中类,16
1610,烟叶复烤,小类,161
162,卷烟制造,中类,16
1620,卷烟制造,小类,162
169,其他烟草制品制造,中类,16
1690,其他烟草制品制造,小类,169
17,纺织业,大类,C
171,棉纺织及印染精加工,中类,17
1711,棉纺纱加工,小类,171
1712,棉织造加工,小类,171
1713,棉印染精加工,小类,171
172,毛纺织及染整精加工,中类,17
1721,毛条和毛纱线加工,小类,172
1722,毛织造加工,小类,172
1723,毛染整精加工,小类,172
173,麻纺织及染整精加工,中类,17
1731,麻纤维纺前加工和纺纱,小类,173
1732,麻织造加工,小类,173
1733,麻染整精加工,小类,173
174,丝绢纺织及印染精加工,中类,17
1741,缫丝加工,小类,174
1742,绢纺和丝织加工,小类,174
1743,丝印染精加工,小类,174
175,化纤织造及印染精加工,中类,17
1751,化纤织造加工,小类,175
1752,化纤织物染整精加工,小类,175
176,针织或钩针编织物及其制品制造,中类,17
1761,针织或钩针编织物织造,小类,176
1762,针织或钩针编织物印染精加工,小类,176
1763,针织或钩针编织品制造,小类,176
177,家用纺织制成品制造,中类,17
1771,床上用品制造,小类,177
1772,毛巾类制品制造,小类,177
1773,窗帘、布艺类产品制造,小类,177
1779,其他家用纺织制成品制造,小类,177
178,产业用纺织制成品制造,中类,17
1781,非织造布制造,小类,178
1782,绳、索、缆制造,小类,178
1783,纺织带和帘子布制造,小类,178
1784,篷、帆布制造,小类,178
1789,其他产业用纺织制成品制造,小类,178
18,纺织服装、服饰业,大类,C
181,机织服装制造,中类,18
1811,运动机织服装制造,小类,181
1819,其他机织服装制造,小类,181
182,针织或钩针编织服装制造,中类,18
1821,运动休闲针织服装制造,小类,182
1829,其他针织或钩针编织服装制造,小类,182
183,服饰制造,中类,18
1830,服饰制造,小类,183
19,皮革、毛皮、羽毛及其制品和制鞋业,大类,C
191,皮革鞣制加工,中类,19
1910,皮革鞣制加工,小类,191
192,皮革制品制造,中类,19
1921,皮革服装制造,小类,192
1922,皮箱、包(袋)制造,小类,192
1923,皮手套及皮装饰制品制造,小类,192
1929,其他皮革制品制造,小类,192
193,毛皮鞣制及制品加工,中类,19
1931,毛皮鞣制加工,小类,193
1932,毛皮服装加工,小类,193
1939,其他毛皮制品加工,小类,193
194,羽毛（绒）加工及制品制造,中类,19
1941,羽毛(绒)加工,小类,194
1942,羽毛(绒)制品加工,小类,194
195,制鞋业,中类,19
1951,纺织面料鞋制造,小类,195
1952,皮鞋制造,小类,195
1953,塑料鞋制造,小类,195
1954,橡胶鞋制造,小类,195
1959,其他制鞋业,小类,195
20,木材加工和木、竹、藤、棕、草制品业,大类,C
201,木材加工,中类,20
2011,锯材加工,小类,201
2012,木片加工,小类,201
2013,单板加工,小类,201
2019,其他木材加工,小类,201
202,人造板制造,中类,20
2021,胶合板制造,小类,202
2022,纤维板制造,小类,202
2023,刨花板制造,小类,202
2029,其他人造板制造,小类,202
203,木质制品制造,中类,20
2031,建筑用木料及木材组件加工,小类,203
2032,木门窗制造,小类,203
2033,木楼梯制造,小类,203
2034,木地板制造,小类,203
2035,木制容器制造,小类,203
2039,软木制品及其他木制品制造,小类,203
204,竹、藤、棕、草等制品制造,中类,20
2041,竹制品制造,小类,204
2042,藤制品制造,小类,204
2043,棕制品制造,小类,204
2049,草及其他制品制造,小类,204
21,家具制造业,大类,C
211,木质家具制造,中类,21
2110,木质家具制造,小类,211
212,竹、藤家具制造,中类,21
2120,竹、藤家具制造,小类,212
213,金属家具制造,中类,21
2130,金属家具制造,小类,213
214,塑料家具制造,中类,21
2140,塑料家具制造,小类,214
219,其他家具制造,中类,21
2190,其他家具制造,小类,219
22,造纸和纸制品业,大类,C
221,纸浆制造,中类,22
2211,木竹浆制造,小类,221
2212,非木竹浆制造,小类,221
222,造纸,中类,22
2221,机制纸及纸板制造,小类,222
2222,手工纸制造,小类,222
2223,加工纸制造,小类,222
223,纸制品制造,中类,22
2231,纸和纸板容器制造,小类,223
2239,其他纸制品制造,小类,223
23,印刷和记录媒介复制业,大类,C
231,印刷,中类,23
2311,书、报刊印刷,小类,231
2312,本册印制,小类,231
2319,包装装潢及其他印刷,小类,231
232,装订及印刷相关服务,中类,23
2320,装订及印刷相关服务,小类,232
233,记录媒介复制,中类,23
2330,记录媒介复制,小类,233
24,文教、工美、体育和娱乐用品制造业,大类,C
241,文教办公用品制造,中类,24
2411,文具制造,小类,241
2412,笔的制造,小类,241
2413,教学用模型及教具制造,小类,241
2414,墨水、墨汁制造,小类,241
2419,其他文教办公用品制造,小类,241
242,乐器制造,中类,24
2421,中乐器制造,小类,242
2422,西乐器制造,小类,242
2423,电子乐器制造,小类,242
2429,其他乐器及零件制造,小类,242
243,工艺美术及礼仪用品制造,中类,24
2431,雕塑工艺品制造,小类,243
2432,金属工艺品制造,小类,243
2433,漆器工艺品制造,小类,243
2434,花画工艺品制造,小类,243
2435,天然植物纤维编织工艺品制造,小类,243
2436,抽纱刺绣工艺品制造,小类,243
2437,地毯、挂毯制造,小类,243
2438,珠宝首饰及有关物品制造,小类,243
2439,其他工艺美术及礼仪用品制造,小类,243
244,体育用品制造,中类,24
2441,球类制造,小类,244
2442,专项运动器材及配件制造,小类,244
2443,健身器材制造,小类,244
2444,运动防护用具制造,小类,244
2449,其他体育用品制造,小类,244
245,玩具制造,中类,24
2451,电玩具制造,小类,245
2452,塑胶玩具制造,小类,245
2453,金属玩具制造,小类,245
2454,弹射玩具制造,小类,245
2455,娃娃玩具制造,小类,245
2456,儿童乘骑玩耍的童车类产品制造,小类,245
2459,其他玩具制造,小类,245
246,游艺器材及娱乐用品制造,中类,24
2461,露天游乐场所游乐设备制造,小类,246
2462,游艺用品及室内游艺器材制造,小类,246
2469,其他娱乐用品制造,小类,246
25,石油、煤炭及其他燃料加工业,大类,C
251,精炼石油产品制造,中类,25
2511,原油加工及石油制品制造,小类,251
2519,其他原油制造,小类,251
252,煤炭加工,中类,25
2521,炼焦,小类,252
2522,煤制合成气生产,小类,252
2523,煤制液体燃料生产,小类,252
2524,煤制品制造,小类,252
2529,其他煤炭加工,小类,252
253,核燃料加工,中类,25
2530,核燃料加工,小类,253
254,生物质燃料加工,中类,25
2541,生物质液体燃料生产,小类,254
2542,生物质致密成型燃料加工,小类,254
26,化学原料和化学制品制造业,大类,C
261,基础化学原料制造,中类,26
2611,无机酸制造,小类,261
2612,无机碱制造,小类,261
2613,无机盐制造,小类,261
2614,有机化学原料制造,小类,261
2619,其他基础化学原料制造,小类,261
262,肥料制造,中类,26
2621,氮肥制造,小类,262
2622,磷肥制造,小类,262
2623,钾肥制造,小类,262
2624,复混肥料制造,小类,262
2625,有机肥料及微生物肥料制造,小类,262
2629,其他肥料制造,小类,262
263,农药制造,中类,26
2631,化学农药制造,小类,263
2632,生物化学农药及微生物农药制造,小类,263
264,涂料、油墨、颜料及类似产品制造,中类,26
2641,涂料制造,小类,264
2642,油墨及类似产品制造,小类,264
2643,工业颜料制造,小类,264
2644,工艺美术颜料制造,小类,264
2645,染料制造,小类,264
2646,密封用填料及类似品制造,小类,264
265,合成材料制造,中类,26
2651,初级形态塑料及合成树脂制造,小类,265
2652,合成橡胶制造,小类,265
2653,合成纤维单(聚合)体制造,小类,265
2659,其他合成材料制造,小类,265
266,专用化学产品制造,中类,26
2661,化学试剂和助剂制造,小类,266
2662,专项化学用品制造,小类,266
2663,林产化学产品制造,小类,266
2664,文化用信息化学品制造,小类,266
2665,医学生产用信息化学品制造,小类,266
2666,环境污染处理专用药剂材料制造,小类,266
2667,动物胶制造,小类,266
2669,其他专用化学产品制造,小类,266
267,炸药、火工及焰火产品制造,中类,26
2671,炸药及火工产品制造,小类,267
2672,焰火、鞭炮产品制造,小类,267
268,日用化学产品制造,中类,26
2681,肥皂及洗涤剂制造,小类,268
2682,化妆品制造,小类,268
2683,口腔清洁用品制造,小类,268
2684,香料、香精制造,小类,268
2689,其他日用化学产品制造,小类,268
27,医药制造业,大类,C
271,化学药品原料药制造,中类,27
2710,化学药品原料药制造,小类,271
272,化学药品制剂制造,中类,27
2720,化学药品制剂制造,小类,272
273,中药饮片加工,中类,27
2730,中药饮片加工,小类,273
274,中成药生产,中类,27
2740,中成药生产,小类,274
275,兽用药品制造,中类,27
2750,兽用药品制造,小类,275
276,生物药品制品制造,中类,27
2761,生物药品制造,小类,276
2762,基因工程药物和疫苗制造,小类,276
277,卫生材料及医药用品制造,中类,27
2770,卫生材料及医药用品制造,小类,277
278,药用辅料及包装材料制造,中类,27
2780,药用辅料及包装材料制造,小类,278
28,化学纤维制造业,大类,C
281,纤维素纤维原料及纤维制造,中类,28
2811,化纤浆粕制造,小类,281
2812,人造纤维（纤维素纤维）制造,小类,281
282,合成纤维制造,中类,28
2821,锦纶纤维制造,小类,282
2822,涤纶纤维制造,小类,282
2823,腈纶纤维制造,小类,282
2824,维纶纤维制造,小类,282
2825,丙纶纤维制造,小类,282
2826,氨纶纤维制造,小类,282
2829,其他合成纤维制造,小类,282
283,生物基材料制造,中类,28
2831,生物基化学纤维制造,小类,283
2832,生物基、淀粉基新材料制造,小类,283
29,橡胶和塑料制品业,大类,C
291,橡胶制品业,中类,29
2911,轮胎制造,小类,291
2912,橡胶板、管、带制造,小类,291
2913,橡胶零件制造,小类,291
2914,再生橡胶制造,小类,291
2915,日用及医用橡胶制品制造,小类,291
2916,运动场地用塑胶制造,小类,291
2919,其他橡胶制品制造,小类,291
292,塑料制品业,中类,29
2921,塑料薄膜制造,小类,292
2922,塑料板、管、型材制造,小类,292
2923,塑料丝、绳及编织品制造,小类,292
2924,泡沫塑料制造,小类,292
2925,塑料人造革、合成革制造,小类,292
2926,塑料包装箱及容器制造,小类,292
2927,日用塑料制品制造,小类,292
2928,人造草坪制造,小类,292
2929,塑料零件及其他塑料制品制造,小类,292
30,非金属矿物制品业,大类,C
301,水泥、石灰和石膏制造,中类,30
3011,水泥制造,小类,301
3012,石灰和石膏制造,小类,301
302,石膏、水泥制品及类似制品制造,中类,30
3021,水泥制品制造,小类,302
3022,砼结构构件制造,小类,302
3023,石棉水泥制品制造,小类,302
3024,轻质建筑材料制造,小类,302
3029,其他水泥类似制品制造,小类,302
303,砖瓦、石材等建筑材料制造,中类,30
3031,粘土砖瓦及建筑砌块制造,小类,303
3032,建筑用石加工,小类,303
3033,防水建筑材料制造,小类,303
3034,隔热和隔音材料制造,小类,303
3039,其他建筑材料制造,小类,303
304,玻璃制造,中类,30
3041,平板玻璃制造,小类,304
3042,特种玻璃制造,小类,304
3049,其他玻璃制造,小类,304
305,玻璃制品制造,中类,30
3051,技术玻璃制品制造,小类,305
3052,光学玻璃制造,小类,305
3053,玻璃仪器制造,小类,305
3054,日用玻璃制品制造,小类,305
3055,玻璃包装容器制造,小类,305
3056,玻璃保温容器制造,小类,305
3057,制镜及类似品加工,小类,305
3059,其他玻璃制品制造,小类,305
306,玻璃纤维和玻璃纤维增强塑料制品制造,中类,30
3061,玻璃纤维及制品制造,小类,306
3062,玻璃纤维增强塑料制品制造,小类,306
307,陶瓷制品制造,中类,30
3071,建筑陶瓷制品制造,小类,307
3072,卫生陶瓷制品制造,小类,307
3073,特种陶瓷制品制造,小类,307
3074,日用陶瓷制品制造,小类,307
3075,陈设艺术陶瓷制造,小类,307
3076,园艺陶瓷制造,小类,307
3079,其他陶瓷制品制造,小类,307
308,耐火材料制品制造,中类,30
3081,石棉制品制造,小类,308
3082,云母制品制造,小类,308
3089,耐火陶瓷制品及其他耐火材料制造,小类,308
309,石墨及其他非金属矿物制品制造,中类,30
3091,石墨及碳素制品制造,小类,309
3099,其他非金属矿物制品制造,小类,309
31,黑色金属冶炼和压延加工业,大类,C
311,炼铁,中类,31
3110,炼铁,小类,311
312,炼钢,中类,31
3120,炼钢,小类,312
313,钢压延加工,中类,31
3130,钢压延加工,小类,313
314,铁合金冶炼,中类,31
3140,铁合金冶炼,小类,314
32,有色金属冶炼和压延加工业,大类,C
321,常用有色金属冶炼,中类,32
3211,铜冶炼,小类,321
3212,铅锌冶炼,小类,321
3213,镍钴冶炼,小类,321
3214,锡冶炼,小类,321
3215,锑冶炼,小类,321
3216,铝冶炼,小类,321
3217,镁冶炼,小类,321
3218,硅冶炼,小类,321
3219,其他常用有色金属冶炼,小类,321
322,贵金属冶炼,中类,32
3221,金冶炼,小类,322
3222,银冶炼,小类,322
3229,其他贵金属冶炼,小类,322
323,稀有稀土金属冶炼,中类,32
3231,钨钼冶炼,小类,323
3232,稀土金属冶炼,小类,323
3239,其他稀有金属冶炼,小类,323
324,有色金属合金制造,中类,32
3240,有色金属合金制造,小类,324
325,有色金属压延加工,中类,32
3251,铜压延加工,小类,325
3252,铝压延加工,小类,325
3253,贵金属压延加工,小类,325
3254,稀有稀土金属压延加工,小类,325
3259,其他有色金属压延加工,小类,325
33,金属制品业,大类,C
331,结构性金属制品制造,中类,33
3311,金属结构制造,小类,331
3312,金属门窗制造,小类,331
332,金属工具制造,中类,33
3321,切削工具制造,小类,332
3322,手工具制造,小类,332
3323,农用及园林用金属工具制造,小类,332
3324,刀剪及类似日用金属工具制造,小类,332
3329,其他金属工具制造,小类,332
333,集装箱及金属包装容器制造,中类,33
3331,集装箱制造,小类,333
3332,金属压力容器制造,小类,333
3333,金属包装容器及材料制造,小类,333
334,金属丝绳及其制品制造,中类,33
3340,金属丝绳及其制品制造,小类,334
335,建筑、安全用金属制品制造,中类,33
3351,建筑、家具用金属配件制造,小类,335
3352,建筑装饰及水暖管道零件制造,小类,335
3353,安全、消防用金属制品制造,小类,335
3359,其他建筑、安全用金属制品制造,小类,335
336,金属表面处理及热处理加工,中类,33
3360,金属表面处理及热处理加工,小类,336
337,搪瓷制品制造,中类,33
3371,生产专用搪瓷制品制造,小类,337
3372,建筑装饰搪瓷制品制造,小类,337
3373,搪瓷卫生洁具制造,小类,337
3379,搪瓷日用品及其他搪瓷制品制造,小类,337
338,金属制日用品制造,中类,33
3381,金属制厨房用器具制造,小类,338
3382,金属制餐具和器皿制造,小类,338
3383,金属制卫生器具制造,小类,338
3389,其他金属制日用品制造,小类,338
339,铸造及其他金属制品制造,中类,33
3391,黑色金属铸造,小类,339
3392,有色金属铸造,小类,339
3393,锻件及粉末冶金制品制造,小类,339
3394,交通及公共管理用金属标牌制造,小类,339
3399,其他未列明金属制品制造,小类,339
34,通用设备制造业,大类,C
341,锅炉及原动设备制造,中类,34
3411,锅炉及辅助设备制造,小类,341
3412,内燃机及配件制造,小类,341
3413,汽轮机及辅机制造,小类,341
3414,水轮机及辅机制造,小类,341
3415,风能原动设备制造,小类,341
3419,其他原动设备制造,小类,341
342,金属加工机械制造,中类,34
3421,金属切削机床制造,小类,342
3422,金属成形机床制造,小类,342
3423,铸造机械制造,小类,342
3424,金属切割及焊接设备制造,小类,342
3425,机床功能部件及附件制造,小类,342
3429,其他金属加工机械制造,小类,342
343,物料搬运设备制造,中类,34
3431,轻小型起重设备制造,小类,343
3432,生产专用起重机制造,小类,343
3433,生产专用车辆制造,小类,343
3434,连续搬运设备制造,小类,343
3435,电梯、自动扶梯及升降机制造,小类,343
3436,客运索道制造,小类,343
3437,机械式停车设备制造,小类,343
3439,其他物料搬运设备制造,小类,343
344,泵、阀门、压缩机及类似机械制造,中类,34
3441,泵及真空设备制造,小类,344
3442,气体压缩机械制造,小类,344
3443,阀门和旋塞制造,小类,344
3444,液压动力机械及元件制造,小类,344
3445,液力动力机械及元件制造,小类,344
3446,气压动力机械及元件制造,小类,344
345,轴承、齿轮和传动部件制造,中类,34
3451,滚动轴承制造,小类,345
3452,滑动轴承制造,小类,345
3453,齿轮及齿轮减、变速箱制造,小类,345
3459,其他传动部件制造,小类,345
346,烘炉、风机、包装等设备制造,中类,34
3461,烘炉、熔炉及电炉制造,小类,346
3462,风机、风扇制造,小类,346
3463,气体、液体分离及纯净设备制造,小类,346
3464,制冷、空调设备制造,小类,346
3465,风动和电动工具制造,小类,346
3466,喷枪及类似器具制造,小类,346
3467,包装专用设备制造,小类,346
347,文化、办公用机械制造,中类,34
3471,电影机械制造,小类,347
3472,幻灯及投影设备制造,小类,347
3473,照相机及器材制造,小类,347
3474,复印和胶印设备制造,小类,347
3475,计算器及货币专用设备制造,小类,347
3479,其他文化、办公用机械制造,小类,347
348,通用零部件制造,中类,34
3481,金属密封件制造,小类,348
3482,紧固件制造,小类,348
3483,弹簧制造,小类,348
3484,机械零部件加工,小类,348
3489,其他通用零部件制造,小类,348
349,其他通用设备制造业,中类,34
3491,工业机器人制造,小类,349
3492,特殊作业机器人制造,小类,349
3493,增材制造装备制造,小类,349
3499,其他未列明通用设备制造业,小类,349
35,专用设备制造业,大类,C
351,采矿、冶金、建筑专用设备制造,中类,35
3511,矿山机械制造,小类,351
3512,石油钻采专用设备制造,小类,351
3513,深海石油钻探设备制造,小类,351
3514,建筑工程用机械制造,小类,351
3515,建筑材料生产专用机械制造,小类,351
3516,冶金专用设备制造,小类,351
3517,隧道施工专用机械制造,小类,351
352,化工、木材、非金属加工专用设备制造,中类,35
3521,炼油、化工生产专用设备制造,小类,352
3522,橡胶加工专用设备制造,小类,352
3523,塑料加工专用设备制造,小类,352
3524,木竹材加工机械制造,小类,352
3525,模具制造,小类,352
3529,其他非金属加工专用设备制造,小类,352
353,食品、饮料、烟草及饲料生产专用设备制造,中类,35
3531,食品、酒、饮料及茶生产专用设备制造,小类,353
3532,农副食品加工专用设备制造,小类,353
3533,烟草生产专用设备制造,小类,353
3534,饲料生产专用设备制造,小类,353
354,印刷、制药、日化及日用品生产专用设备制造,中类,35
3541,制浆和造纸专用设备制造,小类,354
3542,印刷专用设备制造,小类,354
3543,日用化工专用设备制造,小类,354
3544,制药专用设备制造,小类,354
3545,照明器具生产专用设备制造,小类,354
3546,玻璃、陶瓷和搪瓷制品生产专用设备制造,小类,354
3549,其他日用品生产专用设备制造,小类,354
355,纺织、服装和皮革加工专用设备制造,中类,35
3551,纺织专用设备制造,小类,355
3552,皮革、毛皮及其制品加工专用设备制造,小类,355
3553,缝制机械制造,小类,355
3554,洗涤机械制造,小类,355
356,电子和电工机械专用设备制造,中类,35
3561,电工机械专用设备制造,小类,356
3562,半导体器件专用设备制造,小类,356
3563,电子元器件与机电组件设备制造,小类,356
3569,其他电子专用设备制造,小类,356
357,农、林、牧、渔专用机械制造,中类,35
3571,拖拉机制造,小类,357
3572,机械化农业及园艺机具制造,小类,357
3573,营林及木竹采伐机械制造,小类,357
3574,畜牧机械制造,小类,357
3575,渔业机械制造,小类,357
3576,农林牧渔机械配件制造,小类,357
3577,棉花加工机械制造,小类,357
3579,其他农、林、牧、渔业机械制造,小类,357
358,医疗仪器设备及器械制造,中类,35
3581,医疗诊断、监护及治疗设备制造,小类,358
3582,口腔科用设备及器具制造,小类,358
3583,医疗实验室及医用消毒设备和器具制造,小类,358
3584,医疗、外科及兽医用器械制造,小类,358
3585,机械治疗及病房护理设备制造,小类,358
3586,康复辅具制造,小类,358
3587,眼镜制造,小类,358
3589,其他医疗设备及器械制造,小类,358
359,环保、邮政、社会公共服务及其他专用设备制造,中类,35
3591,环境保护专用设备制造,小类,359
3592,地质勘查专用设备制造,小类,359
3593,邮政专用机械及器材制造,小类,359
3594,商业、饮食、服务专用设备制造,小类,359
3595,社会公共安全设备及器材制造,小类,359
3596,交通安全、管制及类似专用设备制造,小类,359
3597,水资源专用机械制造,小类,359
3599,其他专用设备制造,小类,359
36,汽车制造业,大类,C
361,汽车整车制造,中类,36
3611,汽柴油车整车制造,小类,361
3612,新能源车整车制造,小类,361
362,汽车用发动机制造,中类,36
3620,汽车用发动机制造,小类,362
363,改装汽车制造,中类,36
3630,改装汽车制造,小类,363
364,低速汽车制造,中类,36
3640,低速汽车制造,小类,364
365,电车制造,中类,36
3650,电车制造,小类,365
366,汽车车身、挂车制造,中类,36
3660,汽车车身、挂车制造,小类,366
367,汽车零部件及配件制造,中类,36
3670,汽车零部件及配件制造,小类,367
37,铁路、船舶、航空航天和其他运输设备制造业,大类,C
371,铁路运输设备制造,中类,37
3711,高铁车组制造,小类,371
3712,铁路机车车辆制造,小类,371
3713,窄轨机车车辆制造,小类,371
3714,高铁设备、配件制造,小类,371
3715,铁路机车车辆配件制造,小类,371
3716,铁路专用设备及器材、配件制造,小类,371
3719,其他铁路运输设备制造,小类,371
372,城市轨道交通设备制造,中类,37
3720,城市轨道交通设备制造,小类,372
373,船舶及相关装置制造,中类,37
3731,金属船舶制造,小类,373
3732,非金属船舶制造,小类,373
3733,娱乐船和运动船制造,小类,373
3734,船用配套设备制造,小类,373
3735,船舶改装,小类,373
3736,船舶拆除,小类,373
3737,海洋工程装备制造,小类,373
3739,航标器材及其他相关装置制造,小类,373
374,航空、航天器及设备制造,中类,37
3741,飞机制造,小类,374
3742,航天器及运载火箭制造,小类,374
3743,航天相关设备制造,小类,374
3744,航空相关设备制造,小类,374
3749,其他航空航天器制造,小类,374
375,摩托车制造,中类,37
3751,摩托车整车制造,小类,375
3752,摩托车零部件及配件制造,小类,375
376,自行车和残疾人座车制造,中类,37
3761,自行车制造,小类,376
3762,残疾人座车制造,小类,376
377,助动车制造,中类,37
3770,助动车制造,小类,377
378,非公路休闲车及零配件制造,中类,37
3780,非公路休闲车及零配件制造,小类,378
379,潜水救捞及其他未列明运输设备制造,中类,37
3791,潜水装备制造,小类,379
3792,水下救捞装备制造,小类,379
3799,其他未列明运输设备制造,小类,379
38,电气机械和器材制造业,大类,C
381,电机制造,中类,38
3811,发电机及发电机组制造,小类,381
3812,电动机制造,小类,381
3813,微特电机及组件制造,小类,381
3819,其他电机制造,小类,381
382,输配电及控制设备制造,中类,38
3821,变压器、整流器和电感器制造,小类,382
3822,电容器及其配套设备制造,小类,382
3823,配电开关控制设备制造,小类,382
3824,电力电子元器件制造,小类,382
3825,光伏设备及元器件制造,小类,382
3829,其他输配电及控制设备制造,小类,382
383,电线、电缆、光缆及电工器材制造,中类,38
3831,电线、电缆制造,小类,383
3832,光纤制造,小类,383
3833,光缆制造,小类,383
3834,绝缘制品制造,小类,383
3839,其他电工器材制造,小类,383
384,电池制造,中类,38
3841,锂离子电池制造,小类,384
3842,镍氢电池制造,小类,384
3843,铅蓄电池制造,小类,384
3844,锌锰电池制造,小类,384
3849,其他电池制造,小类,384
385,家用电力器具制造,中类,38
3851,家用制冷电器具制造,小类,385
3852,家用空气调节器制造,小类,385
3853,家用通风电器具制造,小类,385
3854,家用厨房电器具制造,小类,385
3855,家用清洁卫生电器具制造,小类,385
3856,家用美容、保健护理电器具制造,小类,385
3857,家用电力器具专用配件制造,小类,385
3859,其他家用电力器具制造,小类,385
386,非电力家用器具制造,中类,38
3861,燃气及类似能源家用器具制造,小类,386
3862,太阳能器具制造,小类,386
3869,其他非电力家用器具制造,小类,386
387,照明器具制造,中类,38
3871,电光源制造,小类,387
3872,照明灯具制造,小类,387
3873,舞台及场地用灯制造,小类,387
3874,智能照明器具制造,小类,387
3879,灯用电器附件及其他照明器具制造,小类,387
389,其他电气机械及器材制造,中类,38
3891,电气信号设备装置制造,小类,389
3899,其他未列明电气机械及器材制造,小类,389
39,计算机、通信和其他电子设备制造业,大类,C
391,计算机制造,中类,39
3911,计算机整机制造,小类,391
3912,计算机零部件制造,小类,391
3913,计算机外围设备制造,小类,391
3914,工业控制计算机及系统制造,小类,391
3915,信息安全设备制造,小类,391
3919,其他计算机制造,小类,391
392,通信设备制造,中类,39
3921,通信系统设备制造,小类,392
3922,通信终端设备制造,小类,392
393,广播电视设备制造,中类,39
3931,广播电视节目制作及发射设备制造,小类,393
3932,广播电视接收设备制造,小类,393
3933,广播电视专用配件制造,小类,393
3934,专业音响设备制造,小类,393
3939,应用电视设备及其他广播电视设备制造,小类,393
394,雷达及配套设备制造,中类,39
3940,雷达及配套设备制造,小类,394
395,非专业视听设备制造,中类,39
3951,电视机制造,小类,395
3952,音响设备制造,小类,395
3953,影视录放设备制造,小类,395
396,智能消费设备制造,中类,39
3961,可穿戴智能设备制造,小类,396
3962,智能车载设备制造,小类,396
3963,智能无人飞行器制造,小类,396
3964,服务消费机器人制造,小类,396
3969,其他智能消费设备制造,小类,396
397,电子器件制造,中类,39
3971,电子真空器件制造,小类,397
3972,半导体分立器件制造,小类,397
3973,集成电路制造,小类,397
3974,显示器件制造,小类,397
3975,半导体照明器件制造,小类,397
3976,光电子器件制造,小类,397
3979,其他电子器件制造,小类,397
398,电子元件及电子专用材料制造,中类,39
3981,电阻电容电感元件制造,小类,398
3982,电子电路制造,小类,398
3983,敏感元件及传感器制造,小类,398
3984,电声器件及零件制造,小类,398
3985,电子专用材料制造,小类,398
3989,其他电子元件制造,小类,398
399,其他电子设备制造,中类,39
3990,其他电子设备制造,小类,399
40,仪器仪表制造业,大类,C
401,通用仪器仪表制造,中类,40
4011,工业自动控制系统装置制造,小类,401
4012,电工仪器仪表制造,小类,401
4013,绘图、计算及测量仪器制造,小类,401
4014,实验分析仪器制造,小类,401
4015,试验机制造,小类,401
4016,供应用仪器仪表制造,小类,401
4019,其他通用仪器制造,小类,401
402,专用仪器仪表制造,中类,40
4021,环境监测专用仪器仪表制造,小类,402
4022,运输设备及生产用计数仪表制造,小类,402
4023,导航、测绘、气象及海洋专用仪器制造,小类,402
4024,农林牧渔专用仪器仪表制造,小类,402
4025,地质勘探和地震专用仪器制造,小类,402
4026,教学专用仪器制造,小类,402
4027,核子及核辐射测量仪器制造,小类,402
4028,电子测量仪器制造,小类,402
4029,其他专用仪器制造,小类,402
403,钟表与计时仪器制造,中类,40
4030,钟表与计时仪器制造,小类,403
404,光学仪器制造,中类,40
4040,光学仪器制造,小类,404
405,衡器制造,中类,40
4050,衡器制造,小类,405
409,其他仪器仪表制造业,中类,40
4090,其他仪器仪表制造业,小类,409
41,其他制造业,大类,C
411,日用杂品制造,中类,41
4111,鬃毛加工、制刷及清扫工具制造,小类,411
4119,其他日用杂品制造,小类,411
412,核辐射加工,中类,41
4120,核辐射加工,小类,412
419,其他未列明制造业,中类,41
4190,其他未列明制造业,小类,419
42,废弃资源综合利用业,大类,C
421,金属废料和碎屑加工处理,中类,42
4210,金属废料和碎屑加工处理,小类,421
422,非金属废料和碎屑加工处理,中类,42
4220,非金属废料和碎屑加工处理,小类,422
43,金属制品、机械和设备修理业,大类,C
431,金属制品修理,中类,43
4310,金属制品修理,小类,431
432,通用设备修理,中类,43
4320,通用设备修理,小类,432
433,专用设备修理,中类,43
4330,专用设备修理,小类,433
434,铁路、船舶、航空航天等运输设备修理,中类,43
4341,铁路运输设备修理,小类,434
4342,船舶修理,小类,434
4343,航空航天器修理,小类,434
4349,其他运输设备修理,小类,434
435,电气设备修理,中类,43
4350,电气设备修理,小类,435
436,仪器仪表修理,中类,43
4360,仪器仪表修理,小类,436
439,其他机械和设备修理业,中类,43
4390,其他机械和设备修理业,小类,439
44,电力、热力生产和供应业,大类,D
441,电力生产,中类,44
4411,火力发电,小类,441
4412,热电联产,小类,441
4413,水力发电,小类,441
4414,核力发电,小类,441
4415,风力发电,小类,441
4416,太阳能发电,小类,441
4417,生物质能发电,小类,441
4419,其他电力生产,小类,441
442,电力供应,中类,44
4420,电力供应,小类,442
443,热力生产和供应,中类,44
4430,热力生产和供应,小类,443
45,燃气生产和供应业,大类,D
451,燃气生产和供应业,中类,45
4511,天然气生产和供应业,小类,451
4512,液化石油气生产和供应业,小类,451
4513,煤气生产和供应业,小类,451
452,生物质燃气生产和供应业,中类,45
4520,生物质燃气生产和供应业,小类,452
46,水的生产和供应业,大类,D
461,自来水生产和供应,中类,46
4610,自来水生产和供应,小类,461
462,污水处理及其再生利用,中类,46
4620,污水处理及其再生利用,小类,462
463,海水淡化处理,中类,46
4630,海水淡化处理,小类,463
469,其他水的处理、利用与分配,中类,46
4690,其他水的处理、利用与分配,小类,469
47,房屋建筑业,大类,E
471,住宅房屋建筑,中类,47
4710,住宅房屋建筑,小类,471
472,体育场馆建筑,中类,47
4720,体育场馆建筑,小类,472
479,其他房屋建筑业,中类,47
4790,其他房屋建筑业,小类,479
48,土木工程建筑业,大类,E
481,铁路、道路、隧道和桥梁工程建筑,中类,48
4811,铁路工程建筑,小类,481
4812,公路工程建筑,小类,481
4813,市政道路工程建筑,小类,481
4814,城市轨道交通工程建筑,小类,481
4819,其他道路、隧道和桥梁工程建筑,小类,481
482,水利和水运工程建筑,中类,48
4821,水源及供水设施工程建筑,小类,482
4822,河湖治理及防洪设施工程建筑,小类,482
4823,港口及航运设施工程建筑,小类,482
483,海洋工程建筑,中类,48
4831,海洋油气资源开发利用工程建筑,小类,483
4832,海洋能源开发利用工程建筑,小类,483
4833,海底隧道工程建筑,小类,483
4834,海底设施铺设工程建筑,小类,483
4839,其他海洋工程建筑,小类,483
484,工矿工程建筑,中类,48
4840,工矿工程建筑,小类,484
485,架线和管道工程建筑,中类,48
4851,架线及设备工程建筑,小类,485
4852,管道工程建筑,小类,485
4853,地下综合管廊工程建筑,小类,485
486,节能环保工程施工,中类,48
4861,节能工程施工,小类,486
4862,环保工程施工,小类,486
4863,生态保护工程施工,小类,486
487,电力工程施工,中类,48
4871,火力发电工程施工,小类,487
4872,水力发电工程施工,小类,487
4873,核电工程施工,小类,487
4874,风能发电工程施工,小类,487
4875,太阳能发电工程施工,小类,487
4879,其他电力工程施工,小类,487
489,其他土木工程建筑,中类,48
4891,园林绿化工程施工,小类,489
4892,体育场地设施工程施工,小类,489
4893,游乐设施工程施工,小类,489
4899,其他土木工程建筑施工,小类,489
49,建筑安装业,大类,E
491,电气安装,中类,49
4910,电气安装,小类,491
492,管道和设备安装,中类,49
4920,管道和设备安装,小类,492
499,其他建筑安装业,中类,49
4991,体育场地设施安装,小类,499
4999,其他建筑安装,小类,499
50,建筑装饰、装修和其他建筑业,大类,E
501,建筑装饰和装修业,中类,50
5011,公共建筑装饰和装修,小类,501
5012,住宅装饰和装修,小类,501
5013,建筑幕墙装饰和装修,小类,501
502,建筑物拆除和场地准备活动,中类,50
5021,建筑物拆除活动,小类,502
5022,场地准备活动,小类,502
503,提供施工设备服务,中类,50
5030,提供施工设备服务,小类,503
509,其他未列明建筑业,中类,50
5090,其他未列明建筑业,小类,509
51,批发业,大类,F
511,农、林、牧、渔产品批发,中类,51
5111,谷物、豆及薯类批发,小类,511
5112,种子批发,小类,511
5113,畜牧渔业饲料批发,小类,511
5114,棉、麻批发,小类,511
5115,林业产品批发,小类,511
5116,牲畜批发,小类,511
5117,渔业产品批发,小类,511
5119,其他农牧产品批发,小类,511
512,食品、饮料及烟草制品批发,中类,51
5121,米、面制品及食用油批发,小类,512
5122,糕点、糖果及糖批发,小类,512
5123,果品、蔬菜批发,小类,512
5124,肉、禽、蛋、奶及水产品批发,小类,512
5125,盐及调味品批发,小类,512
5126,营养和保健品批发,小类,512
5127,酒、饮料及茶叶批发,小类,512
5128,烟草制品批发,小类,512
5129,其他食品批发,小类,512
513,纺织、服装及家庭用品批发,中类,51
5131,纺织品、针织品及原料批发,小类,513
5132,服装批发,小类,513
5133,鞋帽批发,小类,513
5134,化妆品及卫生用品批发,小类,513
5135,厨具卫具及日用杂品批发,小类,513
5136,灯具、装饰物品批发,小类,513
5137,家用视听设备批发,小类,513
5138,日用家电批发,小类,513
5139,其他家庭用品批发,小类,513
514,文化、体育用品及器材批发,中类,51
5141,文具用品批发,小类,514
5142,体育用品及器材批发,小类,514
5143,图书批发,小类,514
5144,报刊批发,小类,514
5145,音像制品、电子和数字出版物批发,小类,514
5146,首饰、工艺品及收藏品批发,小类,514
5147,乐器批发,小类,514
5149,其他文化用品批发,小类,514
515,医药及医疗器材批发,中类,51
5151,西药批发,小类,515
5152,中药批发,小类,515
5153,动物用药品批发,小类,515
5154,医疗用品及器材批发,小类,515
516,矿产品、建材及化工产品批发,中类,51
5161,煤炭及制品批发,小类,516
5162,石油及制品批发,小类,516
5163,非金属矿及制品批发,小类,516
5164,金属及金属矿批发,小类,516
5165,建材批发,小类,516
5166,化肥批发,小类,516
5167,农药批发,小类,516
5168,农用薄膜批发,小类,516
5169,其他化工产品批发,小类,516
517,机械设备、五金产品及电子产品批发,中类,51
5171,农业机械批发,小类,517
5172,汽车及零配件批发,小类,517
5173,摩托车及零配件批发,小类,517
5174,五金产品批发,小类,517
5175,电气设备批发,小类,517
5176,计算机、软件及辅助设备批发,小类,517
5177,通讯设备批发,小类,517
5178,广播影视设备批发,小类,517
5179,其他机械设备及电子产品批发,小类,517
518,贸易经纪与代理,中类,51
5181,贸易代理,小类,518
5182,一般物品拍卖,小类,518
5183,艺术品、收藏品拍卖,小类,518
5184,艺术品代理,小类,518
5189,其他贸易经纪与代理,小类,518
519,其他批发业,中类,51
5191,再生物资回收与批发,小类,519
5192,宠物食品用品批发,小类,519
5193,互联网批发,小类,519
5199,其他未列明批发业,小类,519
52,零售业,大类,F
521,综合零售,中类,52
5211,百货零售,小类,521
5212,超级市场零售,小类,521
5213,便利店零售,小类,521
5219,其他综合零售,小类,521
522,食品、饮料及烟草制品专门零售,中类,52
5221,粮油零售,小类,522
5222,糕点、面包零售,小类,522
5223,果品、蔬菜零售,小类,522
5224,肉、禽、蛋、奶及水产品零售,小类,522
5225,营养和保健品零售,小类,522
5226,酒、饮料及茶叶零售,小类,522
5227,烟草制品零售,小类,522
5229,其他食品零售,小类,522
523,纺织、服装及日用品专门零售,中类,52
5231,纺织品及针织品零售,小类,523
5232,服装零售,小类,523
5233,鞋帽零售,小类,523
5234,化妆品及卫生用品零售,小类,523
5235,厨具卫具及日用杂品零售,小类,523
5236,钟表、眼镜零售,小类,523
5237,箱包零售,小类,523
5238,自行车等代步设备零售,小类,523
5239,其他日用品零售,小类,523
524,文化、体育用品及器材专门零售,中类,52
5241,文具用品零售,小类,524
5242,体育用品及器材零售,小类,524
5243,图书、报刊零售,小类,524
5244,音像制品、电子和数字出版物零售,小类,524
5245,珠宝首饰零售,小类,524
5246,工艺美术品及收藏品零售,小类,524
5247,乐器零售,小类,524
5248,照相器材零售,小类,524
5249,其他文化用品零售,小类,524
525,医药及医疗器材专门零售,中类,52
5251,西药零售,小类,525
5252,中药零售,小类,525
5253,动物用药品零售,小类,525
5254,医疗用品及器材零售,小类,525
5255,保健辅助治疗器材零售,小类,525
526,汽车、摩托车、零配件和燃料及其他动力销售,中类,52
5261,汽车新车零售,小类,526
5262,汽车旧车零售,小类,526
5263,汽车零配件零售,小类,526
5264,摩托车及零配件零售,小类,526
5265,机动车燃油零售,小类,526
5266,机动车燃气零售,小类,526
5267,机动车充电销售,小类,526
527,家用电器及电子产品专门零售,中类,52
5271,家用视听设备零售,小类,527
5272,日用家电零售,小类,527
5273,计算机、软件及辅助设备零售,小类,527
5274,通信设备零售,小类,527
5279,其他电子产品零售,小类,527
528,五金、家具及室内装饰材料专门零售,中类,52
5281,五金零售,小类,528
5282,灯具零售,小类,528
5283,家具零售,小类,528
5284,涂料零售,小类,528
5285,卫生洁具零售,小类,528
5286,木质装饰材料零售,小类,528
5287,陶瓷、石材装饰材料零售,小类,528
5289,其他室内装饰材料零售,小类,528
529,货摊、无店铺及其他零售业,中类,52
5291,流动货摊零售,小类,529
5292,互联网零售,小类,529
5293,邮购及电视、电话零售,小类,529
5294,自动售货机零售,小类,529
5295,旧货零售,小类,529
5296,生活用燃料零售,小类,529
5297,宠物食品用品零售,小类,529
5299,其他未列明零售业,小类,529
53,铁路运输业,大类,G
531,铁路旅客运输,中类,53
5311,高速铁路旅客运输,小类,531
5312,城际铁路旅客运输,小类,531
5313,普通铁路旅客运输,小类,531
532,铁路货物运输,中类,53
5320,铁路货物运输,小类,532
533,铁路运输辅助活动,中类,53
5331,客运火车站,小类,533
5332,货运火车站（场）,小类,533
5333,铁路运输维护活动,小类,533
5339,其他铁路运输辅助活动,小类,533
54,道路运输业,大类,G
541,城市公共交通运输,中类,54
5411,公共电汽车客运,小类,541
5412,城市轨道交通,小类,541
5413,出租车客运,小类,541
5414,公共自行车服务,小类,541
5419,其他城市公共交通运输,小类,541
542,公路旅客运输,中类,54
5421,长途客运,小类,542
5422,旅游客运,小类,542
5429,其他公路客运,小类,542
543,道路货物运输,中类,54
5431,普通货物道路运输,小类,543
5432,冷藏车道路运输,小类,543
5433,集装箱道路运输,小类,543
5434,大型货物道路运输,小类,543
5435,危险货物道路运输,小类,543
5436,邮件包裹道路运输,小类,543
5437,城市配送,小类,543
5438,搬家运输,小类,543
5439,其他道路货物运输,小类,543
544,道路运输辅助活动,中类,54
5441,客运汽车站,小类,544
5442,货运枢纽（站）,小类,544
5443,公路管理与养护,小类,544
5449,其他道路运输辅助活动,小类,544
55,水上运输业,大类,G
551,水上旅客运输,中类,55
5511,海上旅客运输,小类,551
5512,内河旅客运输,小类,551
5513,客运轮渡运输,小类,551
552,水上货物运输,中类,55
5521,远洋货物运输,小类,552
5522,沿海货物运输,小类,552
5523,内河货物运输,小类,552
553,水上运输辅助活动,中类,55
5531,客运港口,小类,553
5532,货运港口,小类,553
5539,其他水上运输辅助活动,小类,553
56,航空运输业,大类,G
561,航空客货运输,中类,56
5611,航空旅客运输,小类,561
5612,航空货物运输,小类,561
562,通用航空服务,中类,56
5621,通用航空生产服务,小类,562
5622,观光游览航空服务,小类,562
5623,体育航空运动服务,小类,562
5629,其他通用航空服务,小类,562
563,航空运输辅助活动,中类,56
5631,机场,小类,563
5632,空中交通管理,小类,563
5639,其他航空运输辅助活动,小类,563
57,管道运输业,大类,G
571,海底管道运输,中类,57
5710,海底管道运输,小类,571
572,陆地管道运输,中类,57
5720,陆地管道运输,小类,572
58,多式联运和运输代理业,大类,G
581,多式联运,中类,58
5810,多式联运,小类,581
582,运输代理业,中类,58
5821,货物运输代理,小类,582
5822,旅客票务代理,小类,582
5829,其他运输代理业,小类,582
59,装卸搬运和仓储业,大类,G
591,装卸搬运,中类,59
5910,装卸搬运,小类,591
592,通用仓储,中类,59
5920,通用仓储,小类,592
593,低温仓储,中类,59
5930,低温仓储,小类,593
594,危险品仓储,中类,59
5941,油气仓储,小类,594
5942,危险化学品仓储,小类,594
5949,其他危险品仓储,小类,594
595,谷物、棉花等农产品仓储,中类,59
5951,谷物仓储,小类,595
5952,棉花仓储,小类,595
5959,其他农产品仓储,小类,595
596,中药材仓储,中类,59
5960,中药材仓储,小类,596
599,其他仓储业,中类,59
5990,其他仓储业,小类,599
60,邮政业,大类,G
601,邮政基本服务,中类,60
6010,邮政基本服务,小类,601
602,快递服务,中类,60
6020,快递服务,小类,602
609,其他寄递服务,中类,60
6090,其他寄递服务,小类,609
61,住宿业,大类,H
611,旅游饭店,中类,61
6110,旅游饭店,小类,611
612,一般旅馆,中类,61
6121,经济型连锁酒店,小类,612
6129,其他一般旅馆,小类,612
613,民宿服务,中类,61
6130,民宿服务,小类,613
614,露营地服务,中类,61
6140,露营地服务,小类,614
619,其他住宿业,中类,61
6190,其他住宿业,小类,619
62,餐饮业,大类,H
621,正餐服务,中类,62
6210,正餐服务,小类,621
622,快餐服务,中类,62
6220,快餐服务,小类,622
623,饮料及冷饮服务,中类,62
6231,茶馆服务,小类,623
6232,咖啡馆服务,小类,623
6233,酒吧服务,小类,623
6239,其他饮料及冷饮服务,小类,623
624,餐饮配送及外卖送餐服务,中类,62
6241,餐饮配送服务,小类,624
6242,外卖送餐服务,小类,624
629,其他餐饮业,中类,62
6291,小吃服务,小类,629
6299,其他未列明餐饮业,小类,629
63,电信、广播电视和卫星传输服务,大类,I
631,电信,中类,63
6311,固定电信服务,小类,631
6312,移动电信服务,小类,631
6319,其他电信服务,小类,631
632,广播电视传输服务,中类,63
6321,有线广播电视传输服务,小类,632
6322,无线广播电视传输服务,小类,632
633,卫星传输服务,中类,63
6331,广播电视卫星传输服务,小类,633
6339,其他卫星传输服务,小类,633
64,互联网和相关服务,大类,I
641,互联网接入及相关服务,中类,64
6410,互联网接入及相关服务,小类,641
642,互联网信息服务,中类,64
6421,互联网搜索服务,小类,642
6422,互联网游戏服务,小类,642
6429,互联网其他信息服务,小类,642
643,互联网平台,中类,64
6431,互联网生产服务平台,小类,643
6432,互联网生活服务平台,小类,643
6433,互联网科技创新平台,小类,643
6434,互联网公共服务平台,小类,643
6439,其他互联网平台,小类,643
644,互联网安全服务,中类,64
6440,互联网安全服务,小类,644
645,互联网数据服务,中类,64
6450,互联网数据服务,小类,645
649,其他互联网服务,中类,64
6490,其他互联网服务,小类,649
65,软件和信息技术服务业,大类,I
651,软件开发,中类,65
6511,基础软件开发,小类,651
6512,支撑软件开发,小类,651
6513,应用软件开发,小类,651
6519,其他软件开发,小类,651
652,集成电路设计,中类,65
6520,集成电路设计,小类,652
653,信息系统集成和物联网技术服务,中类,65
6531,信息系统集成服务,小类,653
6532,物联网技术服务,小类,653
654,运行维护服务,中类,65
6540,运行维护服务,小类,654
655,信息处理和存储支持服务,中类,65
6550,信息处理和存储支持服务,小类,655
656,信息技术咨询服务,中类,65
6560,信息技术咨询服务,小类,656
657,数字内容服务,中类,65
6571,地理遥感信息服务,小类,657
6572,动漫、游戏数字内容服务,小类,657
6579,其他数字内容服务,小类,657
659,其他信息技术服务业,中类,65
6591,呼叫中心,小类,659
6599,其他未列明信息技术服务业,小类,659
66,货币金融服务,大类,J
661,中央银行服务,中类,66
6610,中央银行服务,小类,661
662,货币银行服务,中类,66
6621,商业银行服务,小类,662
6622,政策性银行服务,小类,662
6623,信用合作社服务,小类,662
6624,农村资金互助社服务,小类,662
6629,其他货币银行服务,小类,662
663,非货币银行服务,中类,66
6631,融资租赁服务,小类,663
6632,财务公司服务,小类,663
6633,典当,小类,663
6634,汽车金融公司服务,小类,663
6635,小额贷款公司服务,小类,663
6636,消费金融公司服务,小类,663
6637,网络借贷服务,小类,663
6639,其他非货币银行服务,小类,663
664,银行理财服务,中类,66
6640,银行理财服务,小类,664
665,银行监管服务,中类,66
6650,银行监管服务,小类,665
67,资本市场服务,大类,J
671,证券市场服务,中类,67
6711,证券市场管理服务,小类,671
6712,证券经纪交易服务,小类,671
672,公开募集证券投资基金,中类,67
6720,公开募集证券投资基金,小类,672
673,非公开募集证券投资基金,中类,67
6731,创业投资基金,小类,673
6732,天使投资,小类,673
6739,其他非公开募集证券投资基金,小类,673
674,期货市场服务,中类,67
6741,期货市场管理服务,小类,674
6749,其他期货市场服务,小类,674
675,证券期货监管服务,中类,67
6750,证券期货监管服务,小类,675
676,资本投资服务,中类,67
6760,资本投资服务,小类,676
679,其他资本市场服务,中类,67
6790,其他资本市场服务,小类,679
68,保险业,大类,J
681,人身保险,中类,68
6811,人寿保险,小类,681
6812,年金保险,小类,681
6813,健康保险,小类,681
6814,意外伤害保险,小类,681
682,财产保险,中类,68
6820,财产保险,小类,682
683,再保险,中类,68
6830,再保险,小类,683
684,商业养老金,中类,68
6840,商业养老金,小类,684
685,保险中介服务,中类,68
6851,保险经纪服务,小类,685
6852,保险代理服务,小类,685
6853,保险公估服务,小类,685
686,保险资产管理,中类,68
6860,保险资产管理,小类,686
687,保险监管服务,中类,68
6870,保险监管服务,小类,687
689,其他保险活动,中类,68
6890,其他保险活动,小类,689
69,其他金融业,大类,J
691,金融信托与管理服务,中类,69
6911,信托公司,小类,691
6919,其他金融信托与管理服务,小类,691
692,控股公司服务,中类,69
6920,控股公司服务,小类,692
693,非金融机构支付服务,中类,69
6930,非金融机构支付服务,小类,693
694,金融信息服务,中类,69
6940,金融信息服务,小类,694
695,金融资产管理公司,中类,69
6950,金融资产管理公司,小类,695
699,其他未列明金融业,中类,69
6991,货币经纪公司服务,小类,699
6999,其他未包括金融业,小类,699
70,房地产业,大类,K
701,房地产开发经营,中类,70
7010,房地产开发经营,小类,701
702,物业管理,中类,70
7020,物业管理,小类,702
703,房地产中介服务,中类,70
7030,房地产中介服务,小类,703
704,房地产租赁经营,中类,70
7040,房地产租赁经营,小类,704
709,其他房地产业,中类,70
7090,其他房地产业,小类,709
71,租赁业,大类,L
711,机械设备经营租赁,中类,71
7111,汽车租赁,小类,711
7112,农业机械经营租赁,小类,711
7113,建筑工程机械与设备经营租赁,小类,711
7114,计算机及通讯设备经营租赁,小类,711
7115,医疗设备经营租赁,小类,711
7119,其他机械与设备经营租赁,小类,711
712,文体设备和用品出租,中类,71
7121,休闲娱乐用品设备出租,小类,712
7122,体育用品设备出租,小类,712
7123,文化用品设备出租,小类,712
7124,图书出租,小类,712
7125,音像制品出租,小类,712
7129,其他文体设备和用品出租,小类,712
713,日用品出租,中类,71
7130,日用品出租,小类,713
72,商务服务业,大类,L
721,组织管理服务,中类,72
7211,企业总部管理,小类,721
7212,投资与资产管理,小类,721
7213,资源与产权交易服务,小类,721
7214,单位后勤管理服务,小类,721
7215,农村集体经济组织管理,小类,721
7219,其他组织管理服务,小类,721
722,综合管理服务,中类,72
7221,园区管理服务,小类,722
7222,商业综合体管理服务,小类,722
7223,市场管理服务,小类,722
7224,供应链管理服务,小类,722
7229,其他综合管理服务,小类,722
723,法律服务,中类,72
7231,律师及相关法律服务,小类,723
7232,公证服务,小类,723
7239,其他法律服务,小类,723
724,咨询与调查,中类,72
7241,会计、审计及税务服务,小类,724
7242,市场调查,小类,724
7243,社会经济咨询,小类,724
7244,健康咨询,小类,724
7245,环保咨询,小类,724
7246,体育咨询,小类,724
7249,其他专业咨询与调查,小类,724
725,广告业,中类,72
7251,互联网广告服务,小类,725
7259,其他广告服务,小类,725
726,人力资源服务,中类,72
7261,公共就业服务,小类,726
7262,职业中介服务,小类,726
7263,劳务派遣服务,小类,726
7264,创业指导服务,小类,726
7269,其他人力资源服务,小类,726
727,安全保护服务,中类,72
7271,安全服务,小类,727
7272,安全系统监控服务,小类,727
7279,其他安全保护服务,小类,727
728,会议、展览及相关服务,中类,72
7281,科技会展服务,小类,728
7282,旅游会展服务,小类,728
7283,体育会展服务,小类,728
7284,文化会展服务,小类,728
7289,其他会议、展览及相关服务,小类,728
729,其他商务服务业,中类,72
7291,旅行社及相关服务,小类,729
7292,包装服务,小类,729
7293,办公服务,小类,729
7294,翻译服务,小类,729
7295,信用服务,小类,729
7296,非融资担保服务,小类,729
7297,商务代理代办服务,小类,729
7298,票务代理服务,小类,729
7299,其他未列明商务服务业,小类,729
73,研究和试验发展,大类,M
731,自然科学研究和试验发展,中类,73
7310,自然科学研究和试验发展,小类,731
732,工程和技术研究和试验发展,中类,73
7320,工程和技术研究和试验发展,小类,732
733,农业科学研究和试验发展,中类,73
7330,农业科学研究和试验发展,小类,733
734,医学研究和试验发展,中类,73
7340,医学研究和试验发展,小类,734
735,社会人文科学研究,中类,73
7350,社会人文科学研究,小类,735
74,专业技术服务业,大类,M
741,气象服务,中类,74
7410,气象服务,小类,741
742,地震服务,中类,74
7420,地震服务,小类,742
743,海洋服务,中类,74
7431,海洋气象服务,小类,743
7432,海洋环境服务,小类,743
7439,其他海洋服务,小类,743
744,测绘地理信息服务,中类,74
7441,遥感测绘服务,小类,744
7449,其他测绘地理信息服务,小类,744
745,质检技术服务,中类,74
7451,检验检疫服务,小类,745
7452,检测服务,小类,745
7453,计量服务,小类,745
7454,标准化服务,小类,745
7455,认证认可服务,小类,745
7459,其他质检技术服务,小类,745
746,环境与生态监测检测服务,中类,74
7461,环境保护监测,小类,746
7462,生态资源监测,小类,746
7463,野生动物疫源疫病防控监测,小类,746
747,地质勘查,中类,74
7471,能源矿产地质勘查,小类,747
7472,固体矿产地质勘查,小类,747
7473,水、二氧化碳等矿产地质勘查,小类,747
7474,基础地质勘查,小类,747
7475,地质勘查技术服务,小类,747
748,工程技术与设计服务,中类,74
7481,工程管理服务,小类,748
7482,工程监理服务,小类,748
7483,工程勘察活动,小类,748
7484,工程设计活动,小类,748
7485,规划设计管理,小类,748
7486,土地规划服务,小类,748
749,工业与专业设计及其他专业技术服务,中类,74
7491,工业设计服务,小类,749
7492,专业设计服务,小类,749
7493,兽医服务,小类,749
7499,其他未列明专业技术服务业,小类,749
75,科技推广和应用服务业,大类,M
751,技术推广服务,中类,75
7511,农林牧渔技术推广服务,小类,751
7512,生物技术推广服务,小类,751
7513,新材料技术推广服务,小类,751
7514,节能技术推广服务,小类,751
7515,新能源技术推广服务,小类,751
7516,环保技术推广服务,小类,751
7517,三维（3D)打印技术推广服务,小类,751
7519,其他技术推广服务,小类,751
752,知识产权服务,中类,75
7520,知识产权服务,小类,752
753,科技中介服务,中类,75
7530,科技中介服务,小类,753
754,创业空间服务,中类,75
7540,创业空间服务,小类,754
759,其他科技推广服务业,中类,75
7590,其他科技推广服务业,小类,759
76,水利管理业,大类,N
761,防洪除涝设施管理,中类,76
7610,防洪除涝设施管理,小类,761
762,水资源管理,中类,76
7620,水资源管理,小类,762
763,天然水收集与分配,中类,76
7630,天然水收集与分配,小类,763
764,水文服务,中类,76
7640,水文服务,小类,764
769,其他水利管理业,中类,76
7690,其他水利管理业,小类,769
77,生态保护和环境治理业,大类,N
771,生态保护,中类,77
7711,自然生态系统保护管理,小类,771
7712,自然遗迹保护管理,小类,771
7713,野生动物保护,小类,771
7714,野生植物保护,小类,771
7715,动物园、水族馆管理服务,小类,771
7716,植物园管理服务,小类,771
7719,其他自然保护,小类,771
772,环境治理业,中类,77
7721,水污染治理,小类,772
7722,大气污染治理,小类,772
7723,固体废物治理,小类,772
7724,危险废物治理,小类,772
7725,放射性废物治理,小类,772
7726,土壤污染治理与修复服务,小类,772
7727,噪声与振动控制服务,小类,772
7729,其他污染治理,小类,772
78,公共设施管理业,大类,N
781,市政设施管理,中类,78
7810,市政设施管理,小类,781
782,环境卫生管理,中类,78
7820,环境卫生管理,小类,782
783,城乡市容管理,中类,78
7830,城乡市容管理,小类,783
784,绿化管理,中类,78
7840,绿化管理,小类,784
785,城市公园管理,中类,78
7850,城市公园管理,小类,785
786,游览景区管理,中类,78
7861,名胜风景区管理,小类,786
7862,森林公园管理,小类,786
7869,其他游览景区管理,小类,786
79,土地管理业,大类,N
791,土地整治服务,中类,79
7910,土地整治服务,小类,791
792,土地调查评估服务,中类,79
7920,土地调查评估服务,小类,792
793,土地登记服务,中类,79
7930,土地登记服务,小类,793
794,土地登记代理服务,中类,79
7940,土地登记代理服务,小类,794
799,其他土地管理服务,中类,79
7990,其他土地管理服务,小类,799
80,居民服务业,大类,O
801,家庭服务,中类,80
8010,家庭服务,小类,801
802,托儿所服务,中类,80
8020,托儿所服务,小类,802
803,洗染服务,中类,80
8030,洗染服务,小类,803
804,理发及美容服务,中类,80
8040,理发及美容服务,小类,804
805,洗浴和保健养生服务,中类,80
8051,洗浴服务,小类,805
8052,足浴服务,小类,805
8053,养生保健服务,小类,805
806,摄影扩印服务,中类,80
8060,摄影扩印服务,小类,806
807,婚姻服务,中类,80
8070,婚姻服务,小类,807
808,殡葬服务,中类,80
8080,殡葬服务,小类,808
809,其他居民服务业,中类,80
8090,其他居民服务业,小类,809
81,机动车、电子产品和日用产品修理业,大类,O
811,汽车、摩托车等修理与维护,中类,81
8111,汽车修理与维护,小类,811
8112,大型车辆装备修理与维护,小类,811
8113,摩托车修理与维护,小类,811
8114,助动车等修理与维护,小类,811
812,计算机和办公设备维修,中类,81
8121,计算机和辅助设备修理,小类,812
8122,通讯设备修理,小类,812
8129,其他办公设备维修,小类,812
813,家用电器修理,中类,81
8131,家用电子产品修理,小类,813
8132,日用电器修理,小类,813
819,其他日用产品修理业,中类,81
8191,自行车修理,小类,819
8192,鞋和皮革修理,小类,819
8193,家具和相关物品修理,小类,819
8199,其他未列明日用产品修理业,小类,819
82,其他服务业,大类,O
821,清洁服务,中类,82
8211,建筑物清洁服务,小类,821
8219,其他清洁服务,小类,821
822,宠物服务,中类,82
8221,宠物饲养,小类,822
8222,宠物医院服务,小类,822
8223,宠物美容服务,小类,822
8224,宠物寄托收养服务,小类,822
8229,其他宠物服务,小类,822
829,其他未列明服务业,中类,82
8290,其他未列明服务业,小类,829
83,教育,大类,P
831,学前教育,中类,83
8310,学前教育,小类,831
832,初等教育,中类,83
8321,普通小学教育,小类,832
8322,成人小学教育,小类,832
833,中等教育,中类,83
8331,普通初中教育,小类,833
8332,职业初中教育,小类,833
8333,成人初中教育,小类,833
8334,普通高中教育,小类,833
8335,成人高中教育,小类,833
8336,中等职业学校教育,小类,833
834,高等教育,中类,83
8341,普通高等教育,小类,834
8342,成人高等教育,小类,834
835,特殊教育,中类,83
8350,特殊教育,小类,835
839,技能培训、教育辅助及其他教育,中类,83
8391,职业技能培训,小类,839
8392,体校及体育培训,小类,839
8393,文化艺术培训,小类,839
8394,教育辅助服务,小类,839
8399,其他未列明教育,小类,839
84,卫生,大类,Q
841,医院,中类,84
8411,综合医院,小类,841
8412,中医医院,小类,841
8413,中西医结合医院,小类,841
8414,民族医院,小类,841
8415,专科医院,小类,841
8416,疗养院,小类,841
842,基层医疗卫生服务,中类,84
8421,社区卫生服务中心（站）,小类,842
8422,街道卫生院,小类,842
8423,乡镇卫生院,小类,842
8424,村卫生室,小类,842
8425,门诊部（所）,小类,842
843,专业公共卫生服务,中类,84
8431,疾病预防控制中心,小类,843
8432,专科疾病防治院（所、站),小类,843
8433,妇幼保健院（所、站）,小类,843
8434,急救中心（站）服务,小类,843
8435,采供血机构服务,小类,843
8436,计划生育技术服务活动,小类,843
849,其他卫生活动,中类,84
8491,健康体检服务,小类,849
8492,临床检验服务,小类,849
8499,其他未列明卫生服务,小类,849
85,社会工作,大类,Q
851,提供住宿社会工作,中类,85
8511,干部休养所,小类,851
8512,护理机构服务,小类,851
8513,精神康复服务,小类,851
8514,老年人、残疾人养护服务,小类,851
8515,临终关怀服务,小类,851
8516,孤残儿童收养和庇护服务,小类,851
8519,其他提供住宿社会救助,小类,851
852,不提供住宿社会工作,中类,85
8521,社会看护与帮助服务,小类,852
8522,康复辅具适配服务,小类,852
8529,其他不提供住宿社会工作,小类,852
86,新闻和出版业,大类,R
861,新闻业,中类,86
8610,新闻业,小类,861
862,出版业,中类,86
8621,图书出版,小类,862
8622,报纸出版,小类,862
8623,期刊出版,小类,862
8624,音像制品出版,小类,862
8625,电子出版物出版,小类,862
8626,数字出版,小类,862
8629,其他出版业,小类,862
87,广播、电视、电影和录音制作业,大类,R
871,广播,中类,87
8710,广播,小类,871
872,电视,中类,87
8720,电视,小类,872
873,影视节目制作,中类,87
8730,影视节目制作,小类,873
874,广播电视集成播控,中类,87
8740,广播电视集成播控,小类,874
875,电影和广播电视节目发行,中类,87
8750,电影和广播电视节目发行,小类,875
876,电影放映,中类,87
8760,电影放映,小类,876
877,录音制作,中类,87
8770,录音制作,小类,877
88,文化艺术业,大类,R
881,文艺创作与表演,中类,88
8810,文艺创作与表演,小类,881
882,艺术表演场馆,中类,88
8820,艺术表演场馆,小类,882
883,图书馆与档案馆,中类,88
8831,图书馆,小类,883
8832,档案馆,小类,883
884,文物及非物质文化遗产保护,中类,88
8840,文物及非物质文化遗产保护,小类,884
885,博物馆,中类,88
8850,博物馆,小类,885
886,烈士陵园、纪念馆,中类,88
8860,烈士陵园、纪念馆,小类,886
887,群众文体活动,中类,88
8870,群众文体活动,小类,887
889,其他文化艺术业,中类,88
8890,其他文化艺术业,小类,889
89,体育,大类,R
891,体育组织,中类,89
8911,体育竞赛组织,小类,891
8912,体育保障组织,小类,891
8919,其他体育组织,小类,891
892,体育场地设施管理,中类,89
8921,体育场馆管理,小类,892
8929,其他体育场地设施管理,小类,892
893,健身休闲活动,中类,89
8930,健身休闲活动,小类,893
899,其他体育,中类,89
8991,体育中介代理服务,小类,899
8992,体育健康服务,小类,899
8999,其他未列明体育,小类,899
90,娱乐业,大类,R
901,室内娱乐活动,中类,90
9011,歌舞厅娱乐活动,小类,901
9012,电子游艺厅娱乐活动,小类,901
9013,网吧活动,小类,901
9019,其他室内娱乐活动,小类,901
902,游乐园,中类,90
9020,游乐园,小类,902
903,休闲观光活动,中类,90
9030,休闲观光活动,小类,903
904,彩票活动,中类,90
9041,体育彩票服务,小类,904
9042,福利彩票服务,小类,904
9049,其他彩票服务,小类,904
905,文化体育娱乐活动与经纪代理服务,中类,90
9051,文化活动服务,小类,905
9052,体育表演服务,小类,905
9053,文化娱乐经纪人,小类,905
9054,体育经纪人,小类,905
9059,其他文化艺术经纪代理,小类,905
909,其他娱乐业,中类,90
9090,其他娱乐业,小类,909
91,中国共产党机关,大类,S
910,中国共产党机关,中类,91
9100,中国共产党机关,小类,910
92,国家机构,大类,S
921,国家权力机构,中类,92
9210,国家权力机构,小类,921
922,国家行政机构,中类,92
9221,综合事务管理机构,小类,922
9222,对外事务管理机构,小类,922
9223,公共安全管理机构,小类,922
9224,社会事务管理机构,小类,922
9225,经济事务管理机构,小类,922
9226,行政监督检查机构,小类,922
923,监察委员会、人民法院和人民检察院,中类,92
9231,监察委员会,小类,923
9232,人民法院,小类,923
9233,人民检察院,小类,923
929,其他国家机构,中类,92
9291,消防管理机构,小类,929
9299,其他未列明国家机构,小类,929
93,人民政协、民主党派,大类,S
931,人民政协,中类,93
9310,人民政协,小类,931
932,民主党派,中类,93
9320,民主党派,小类,932
94,社会保障,大类,S
941,基本保险,中类,94
9411,基本养老保险,小类,941
9412,基本医疗保险,小类,941
9413,失业保险,小类,941
9414,工伤保险,小类,941
9415,生育保险,小类,941
9419,其他基本保险,小类,941
942,补充保险,中类,94
9420,补充保险,小类,942
949,其他社会保障,中类,94
9490,其他社会保障,小类,949
95,群众团体、社会团体和其他成员组织,大类,S
951,群众团体,中类,95
9511,工会,小类,951
9512,妇联,小类,951
9513,共青团,小类,951
9519,其他群众团体,小类,951
952,社会团体,中类,95
9521,专业性团体,小类,952
9522,行业性团体,小类,952
9529,其他社会团体,小类,952
953,基金会,中类,95
9530,基金会,小类,953
954,宗教组织,中类,95
9541,宗教团体服务,小类,954
9542,宗教活动场所服务,小类,954
96,基层群众自治组织,大类,S
961,社区居民自治组织,中类,96
9610,社区居民自治组织,小类,961
962,村民自治组织,中类,96
9620,村民自治组织,小类,962
97,国际组织,大类,T
970,国际组织,中类,97
9700,国际组织,小类,970
A,农、林、牧、渔业,门类,
B,采矿业,门类,
C,制造业,门类,
D,电力、热力、燃气及水生产和供应业,门类,
E,建筑业,门类,
F,批发和零售业,门类,
G,交通运输、仓储和邮政业,门类,
H,住宿和餐饮业,门类,
I,信息传输、软件和信息技术服务业,门类,
J,金融业,门类,
K,房地产业,门类,
L,租赁和商务服务业,门类,
M,科学研究和技术服务业,门类,
N,水利、环境和公共设施管理业,门类,
O,居民服务、修理和其他服务业,门类,
P,教育,门类,
Q,卫生和社会工作,门类,
R,文化、体育和娱乐业,门类,
S,公共管理、社会保障和社会组织,门类,
T,国际组织,门类,
